,Date,State,Pct_Unemployed
0,2019-01-01,Alabama,4.2
1,2019-02-01,Alabama,3.8
2,2019-03-01,Alabama,3.4
3,2019-04-01,Alabama,2.6
4,2019-05-01,Alabama,2.5
5,2019-06-01,Alabama,3.3
6,2019-07-01,Alabama,3.1
7,2019-08-01,Alabama,3.0
8,2019-09-01,Alabama,2.6
9,2019-10-01,Alabama,2.5
10,2019-11-01,Alabama,2.4
11,2019-12-01,Alabama,2.5
12,2020-01-01,Alabama,3.2
13,2020-02-01,Alabama,2.9
14,2020-03-01,Alabama,3.0
15,2020-04-01,Alabama,13.2
16,2020-05-01,Alabama,9.2
17,2020-06-01,Alabama,8.0
18,2019-01-01,Alaska,6.9
19,2019-02-01,Alaska,7.0
20,2019-03-01,Alaska,6.8
21,2019-04-01,Alaska,6.3
22,2019-05-01,Alaska,6.0
23,2019-06-01,Alaska,6.3
24,2019-07-01,Alaska,5.6
25,2019-08-01,Alaska,5.3
26,2019-09-01,Alaska,5.5
27,2019-10-01,Alaska,5.7
28,2019-11-01,Alaska,6.1
29,2019-12-01,Alaska,6.1
30,2020-01-01,Alaska,6.6
31,2020-02-01,Alaska,5.9
32,2020-03-01,Alaska,5.9
33,2020-04-01,Alaska,13.7
34,2020-05-01,Alaska,12.6
35,2020-06-01,Alaska,12.3
36,2019-01-01,Arizona,5.1
37,2019-02-01,Arizona,4.7
38,2019-03-01,Arizona,4.7
39,2019-04-01,Arizona,4.5
40,2019-05-01,Arizona,4.6
41,2019-06-01,Arizona,5.0
42,2019-07-01,Arizona,5.1
43,2019-08-01,Arizona,5.0
44,2019-09-01,Arizona,4.6
45,2019-10-01,Arizona,4.5
46,2019-11-01,Arizona,4.3
47,2019-12-01,Arizona,4.2
48,2020-01-01,Arizona,4.6
49,2020-02-01,Arizona,4.4
50,2020-03-01,Arizona,6.1
51,2020-04-01,Arizona,13.1
52,2020-05-01,Arizona,8.8
53,2020-06-01,Arizona,10.3
54,2019-01-01,Arkansas,4.2
55,2019-02-01,Arkansas,4.1
56,2019-03-01,Arkansas,3.5
57,2019-04-01,Arkansas,3.0
58,2019-05-01,Arkansas,3.4
59,2019-06-01,Arkansas,3.8
60,2019-07-01,Arkansas,4.1
61,2019-08-01,Arkansas,3.6
62,2019-09-01,Arkansas,3.3
63,2019-10-01,Arkansas,3.1
64,2019-11-01,Arkansas,3.1
65,2019-12-01,Arkansas,3.4
66,2020-01-01,Arkansas,4.1
67,2020-02-01,Arkansas,3.9
68,2020-03-01,Arkansas,4.9
69,2020-04-01,Arkansas,10.3
70,2020-05-01,Arkansas,9.4
71,2020-06-01,Arkansas,8.2
72,2019-01-01,California,4.8
73,2019-02-01,California,4.5
74,2019-03-01,California,4.5
75,2019-04-01,California,3.8
76,2019-05-01,California,3.6
77,2019-06-01,California,4.1
78,2019-07-01,California,4.4
79,2019-08-01,California,4.2
80,2019-09-01,California,3.6
81,2019-10-01,California,3.7
82,2019-11-01,California,3.7
83,2019-12-01,California,3.7
84,2020-01-01,California,4.3
85,2020-02-01,California,4.3
86,2020-03-01,California,5.8
87,2020-04-01,California,16.2
88,2020-05-01,California,16.0
89,2020-06-01,California,15.1
90,2019-01-01,Colorado,3.6
91,2019-02-01,Colorado,3.3
92,2019-03-01,Colorado,3.1
93,2019-04-01,Colorado,2.8
94,2019-05-01,Colorado,2.6
95,2019-06-01,Colorado,2.9
96,2019-07-01,Colorado,2.7
97,2019-08-01,Colorado,2.6
98,2019-09-01,Colorado,2.4
99,2019-10-01,Colorado,2.4
100,2019-11-01,Colorado,2.4
101,2019-12-01,Colorado,2.4
102,2020-01-01,Colorado,2.8
103,2020-02-01,Colorado,2.9
104,2020-03-01,Colorado,5.4
105,2020-04-01,Colorado,12.2
106,2020-05-01,Colorado,10.0
107,2020-06-01,Colorado,10.7
108,2019-01-01,Connecticut,4.6
109,2019-02-01,Connecticut,4.3
110,2019-03-01,Connecticut,4.0
111,2019-04-01,Connecticut,3.3
112,2019-05-01,Connecticut,3.6
113,2019-06-01,Connecticut,3.9
114,2019-07-01,Connecticut,3.9
115,2019-08-01,Connecticut,3.8
116,2019-09-01,Connecticut,3.5
117,2019-10-01,Connecticut,3.5
118,2019-11-01,Connecticut,3.3
119,2019-12-01,Connecticut,3.2
120,2020-01-01,Connecticut,4.4
121,2020-02-01,Connecticut,4.4
122,2020-03-01,Connecticut,3.6
123,2020-04-01,Connecticut,8.0
124,2020-05-01,Connecticut,9.4
125,2020-06-01,Connecticut,10.0
126,2019-01-01,Delaware,3.9
127,2019-02-01,Delaware,3.8
128,2019-03-01,Delaware,3.7
129,2019-04-01,Delaware,3.5
130,2019-05-01,Delaware,3.4
131,2019-06-01,Delaware,4.1
132,2019-07-01,Delaware,4.1
133,2019-08-01,Delaware,4.1
134,2019-09-01,Delaware,3.9
135,2019-10-01,Delaware,3.8
136,2019-11-01,Delaware,3.5
137,2019-12-01,Delaware,3.5
138,2020-01-01,Delaware,4.2
139,2020-02-01,Delaware,4.0
140,2020-03-01,Delaware,5.0
141,2020-04-01,Delaware,14.8
142,2020-05-01,Delaware,15.5
143,2020-06-01,Delaware,12.7
144,2019-01-01,Florida,3.8
145,2019-02-01,Florida,3.3
146,2019-03-01,Florida,3.2
147,2019-04-01,Florida,2.9
148,2019-05-01,Florida,3.0
149,2019-06-01,Florida,3.3
150,2019-07-01,Florida,3.4
151,2019-08-01,Florida,3.3
152,2019-09-01,Florida,2.9
153,2019-10-01,Florida,2.8
154,2019-11-01,Florida,2.7
155,2019-12-01,Florida,2.5
156,2020-01-01,Florida,3.0
157,2020-02-01,Florida,2.8
158,2020-03-01,Florida,4.3
159,2020-04-01,Florida,13.5
160,2020-05-01,Florida,13.5
161,2020-06-01,Florida,10.7
162,2019-01-01,Georgia,4.2
163,2019-02-01,Georgia,3.8
164,2019-03-01,Georgia,3.6
165,2019-04-01,Georgia,3.1
166,2019-05-01,Georgia,3.3
167,2019-06-01,Georgia,3.8
168,2019-07-01,Georgia,3.8
169,2019-08-01,Georgia,3.7
170,2019-09-01,Georgia,3.0
171,2019-10-01,Georgia,3.1
172,2019-11-01,Georgia,2.8
173,2019-12-01,Georgia,2.9
174,2020-01-01,Georgia,3.5
175,2020-02-01,Georgia,3.5
176,2020-03-01,Georgia,4.5
177,2020-04-01,Georgia,12.2
178,2020-05-01,Georgia,9.2
179,2020-06-01,Georgia,7.9
180,2019-01-01,Hawaii,2.9
181,2019-02-01,Hawaii,2.7
182,2019-03-01,Hawaii,2.7
183,2019-04-01,Hawaii,2.6
184,2019-05-01,Hawaii,2.6
185,2019-06-01,Hawaii,3.3
186,2019-07-01,Hawaii,2.8
187,2019-08-01,Hawaii,2.7
188,2019-09-01,Hawaii,2.8
189,2019-10-01,Hawaii,2.6
190,2019-11-01,Hawaii,2.6
191,2019-12-01,Hawaii,2.2
192,2020-01-01,Hawaii,2.9
193,2020-02-01,Hawaii,2.7
194,2020-03-01,Hawaii,2.3
195,2020-04-01,Hawaii,23.6
196,2020-05-01,Hawaii,23.4
197,2020-06-01,Hawaii,14.4
198,2019-01-01,Idaho,4.0
199,2019-02-01,Idaho,3.7
200,2019-03-01,Idaho,3.5
201,2019-04-01,Idaho,3.0
202,2019-05-01,Idaho,2.6
203,2019-06-01,Idaho,2.7
204,2019-07-01,Idaho,2.7
205,2019-08-01,Idaho,2.5
206,2019-09-01,Idaho,2.3
207,2019-10-01,Idaho,2.3
208,2019-11-01,Idaho,2.8
209,2019-12-01,Idaho,2.9
210,2020-01-01,Idaho,3.5
211,2020-02-01,Idaho,3.1
212,2020-03-01,Idaho,3.0
213,2020-04-01,Idaho,11.9
214,2020-05-01,Idaho,8.6
215,2020-06-01,Idaho,5.3
216,2019-01-01,Illinois,5.3
217,2019-02-01,Illinois,4.7
218,2019-03-01,Illinois,4.4
219,2019-04-01,Illinois,3.6
220,2019-05-01,Illinois,3.5
221,2019-06-01,Illinois,4.1
222,2019-07-01,Illinois,4.2
223,2019-08-01,Illinois,4.0
224,2019-09-01,Illinois,3.5
225,2019-10-01,Illinois,3.5
226,2019-11-01,Illinois,3.4
227,2019-12-01,Illinois,3.5
228,2020-01-01,Illinois,4.0
229,2020-02-01,Illinois,3.5
230,2020-03-01,Illinois,4.2
231,2020-04-01,Illinois,16.8
232,2020-05-01,Illinois,14.8
233,2020-06-01,Illinois,14.6
234,2019-01-01,Indiana,4.2
235,2019-02-01,Indiana,3.9
236,2019-03-01,Indiana,3.7
237,2019-04-01,Indiana,2.9
238,2019-05-01,Indiana,3.0
239,2019-06-01,Indiana,3.3
240,2019-07-01,Indiana,3.5
241,2019-08-01,Indiana,3.4
242,2019-09-01,Indiana,2.8
243,2019-10-01,Indiana,3.0
244,2019-11-01,Indiana,3.1
245,2019-12-01,Indiana,3.0
246,2020-01-01,Indiana,3.6
247,2020-02-01,Indiana,3.4
248,2020-03-01,Indiana,3.2
249,2020-04-01,Indiana,17.0
250,2020-05-01,Indiana,11.9
251,2020-06-01,Indiana,11.2
252,2019-01-01,Iowa,3.5
253,2019-02-01,Iowa,3.1
254,2019-03-01,Iowa,3.2
255,2019-04-01,Iowa,2.5
256,2019-05-01,Iowa,2.4
257,2019-06-01,Iowa,2.8
258,2019-07-01,Iowa,2.8
259,2019-08-01,Iowa,2.8
260,2019-09-01,Iowa,2.4
261,2019-10-01,Iowa,2.3
262,2019-11-01,Iowa,2.4
263,2019-12-01,Iowa,2.9
264,2020-01-01,Iowa,3.7
265,2020-02-01,Iowa,3.1
266,2020-03-01,Iowa,3.6
267,2020-04-01,Iowa,10.8
268,2020-05-01,Iowa,9.9
269,2020-06-01,Iowa,7.9
270,2019-01-01,Kansas,3.7
271,2019-02-01,Kansas,3.5
272,2019-03-01,Kansas,3.4
273,2019-04-01,Kansas,2.8
274,2019-05-01,Kansas,3.0
275,2019-06-01,Kansas,3.3
276,2019-07-01,Kansas,3.8
277,2019-08-01,Kansas,3.4
278,2019-09-01,Kansas,2.7
279,2019-10-01,Kansas,2.8
280,2019-11-01,Kansas,2.9
281,2019-12-01,Kansas,2.9
282,2020-01-01,Kansas,3.4
283,2020-02-01,Kansas,3.3
284,2020-03-01,Kansas,2.9
285,2020-04-01,Kansas,11.7
286,2020-05-01,Kansas,9.9
287,2020-06-01,Kansas,7.6
288,2019-01-01,Kentucky,4.8
289,2019-02-01,Kentucky,4.8
290,2019-03-01,Kentucky,4.7
291,2019-04-01,Kentucky,3.9
292,2019-05-01,Kentucky,4.2
293,2019-06-01,Kentucky,4.8
294,2019-07-01,Kentucky,4.8
295,2019-08-01,Kentucky,4.2
296,2019-09-01,Kentucky,3.8
297,2019-10-01,Kentucky,3.8
298,2019-11-01,Kentucky,3.8
299,2019-12-01,Kentucky,3.9
300,2020-01-01,Kentucky,4.8
301,2020-02-01,Kentucky,4.4
302,2020-03-01,Kentucky,5.3
303,2020-04-01,Kentucky,16.2
304,2020-05-01,Kentucky,10.7
305,2020-06-01,Kentucky,4.8
306,2019-01-01,Louisiana,5.2
307,2019-02-01,Louisiana,4.2
308,2019-03-01,Louisiana,4.1
309,2019-04-01,Louisiana,3.8
310,2019-05-01,Louisiana,4.3
311,2019-06-01,Louisiana,5.6
312,2019-07-01,Louisiana,5.5
313,2019-08-01,Louisiana,5.4
314,2019-09-01,Louisiana,5.0
315,2019-10-01,Louisiana,5.0
316,2019-11-01,Louisiana,5.0
317,2019-12-01,Louisiana,4.9
318,2020-01-01,Louisiana,5.7
319,2020-02-01,Louisiana,4.3
320,2020-03-01,Louisiana,6.3
321,2020-04-01,Louisiana,14.5
322,2020-05-01,Louisiana,13.9
323,2020-06-01,Louisiana,10.5
324,2019-01-01,Maine,4.1
325,2019-02-01,Maine,4.0
326,2019-03-01,Maine,3.9
327,2019-04-01,Maine,3.4
328,2019-05-01,Maine,3.0
329,2019-06-01,Maine,2.8
330,2019-07-01,Maine,2.7
331,2019-08-01,Maine,2.3
332,2019-09-01,Maine,2.3
333,2019-10-01,Maine,2.4
334,2019-11-01,Maine,2.8
335,2019-12-01,Maine,2.9
336,2020-01-01,Maine,4.1
337,2020-02-01,Maine,4.3
338,2020-03-01,Maine,3.6
339,2020-04-01,Maine,10.8
340,2020-05-01,Maine,9.4
341,2020-06-01,Maine,6.4
342,2019-01-01,Maryland,4.3
343,2019-02-01,Maryland,4.0
344,2019-03-01,Maryland,3.7
345,2019-04-01,Maryland,3.2
346,2019-05-01,Maryland,3.4
347,2019-06-01,Maryland,3.9
348,2019-07-01,Maryland,3.9
349,2019-08-01,Maryland,3.7
350,2019-09-01,Maryland,3.3
351,2019-10-01,Maryland,3.3
352,2019-11-01,Maryland,3.2
353,2019-12-01,Maryland,3.0
354,2020-01-01,Maryland,3.6
355,2020-02-01,Maryland,3.5
356,2020-03-01,Maryland,3.5
357,2020-04-01,Maryland,9.8
358,2020-05-01,Maryland,9.7
359,2020-06-01,Maryland,8.3
360,2019-01-01,Massachusetts,3.7
361,2019-02-01,Massachusetts,3.4
362,2019-03-01,Massachusetts,3.3
363,2019-04-01,Massachusetts,2.7
364,2019-05-01,Massachusetts,2.9
365,2019-06-01,Massachusetts,3.1
366,2019-07-01,Massachusetts,3.1
367,2019-08-01,Massachusetts,2.8
368,2019-09-01,Massachusetts,2.7
369,2019-10-01,Massachusetts,2.4
370,2019-11-01,Massachusetts,2.3
371,2019-12-01,Massachusetts,2.4
372,2020-01-01,Massachusetts,3.4
373,2020-02-01,Massachusetts,3.3
374,2020-03-01,Massachusetts,3.0
375,2020-04-01,Massachusetts,16.0
376,2020-05-01,Massachusetts,16.5
377,2020-06-01,Massachusetts,17.5
378,2019-01-01,Michigan,5.0
379,2019-02-01,Michigan,4.5
380,2019-03-01,Michigan,4.6
381,2019-04-01,Michigan,3.7
382,2019-05-01,Michigan,3.7
383,2019-06-01,Michigan,4.3
384,2019-07-01,Michigan,5.1
385,2019-08-01,Michigan,4.2
386,2019-09-01,Michigan,3.5
387,2019-10-01,Michigan,3.5
388,2019-11-01,Michigan,3.2
389,2019-12-01,Michigan,3.6
390,2020-01-01,Michigan,4.3
391,2020-02-01,Michigan,3.6
392,2020-03-01,Michigan,4.0
393,2020-04-01,Michigan,23.6
394,2020-05-01,Michigan,20.8
395,2020-06-01,Michigan,14.9
396,2019-01-01,Minnesota,4.3
397,2019-02-01,Minnesota,3.9
398,2019-03-01,Minnesota,3.9
399,2019-04-01,Minnesota,3.1
400,2019-05-01,Minnesota,2.7
401,2019-06-01,Minnesota,3.2
402,2019-07-01,Minnesota,3.2
403,2019-08-01,Minnesota,3.0
404,2019-09-01,Minnesota,2.6
405,2019-10-01,Minnesota,2.6
406,2019-11-01,Minnesota,2.8
407,2019-12-01,Minnesota,3.5
408,2020-01-01,Minnesota,3.7
409,2020-02-01,Minnesota,3.6
410,2020-03-01,Minnesota,3.5
411,2020-04-01,Minnesota,8.6
412,2020-05-01,Minnesota,9.4
413,2020-06-01,Minnesota,8.5
414,2019-01-01,Mississippi,5.6
415,2019-02-01,Mississippi,5.2
416,2019-03-01,Mississippi,5.1
417,2019-04-01,Mississippi,4.7
418,2019-05-01,Mississippi,5.3
419,2019-06-01,Mississippi,6.4
420,2019-07-01,Mississippi,6.3
421,2019-08-01,Mississippi,5.6
422,2019-09-01,Mississippi,5.3
423,2019-10-01,Mississippi,5.1
424,2019-11-01,Mississippi,5.1
425,2019-12-01,Mississippi,5.2
426,2020-01-01,Mississippi,5.4
427,2020-02-01,Mississippi,5.1
428,2020-03-01,Mississippi,4.8
429,2020-04-01,Mississippi,15.7
430,2020-05-01,Mississippi,10.4
431,2020-06-01,Mississippi,9.7
432,2019-01-01,Missouri,3.8
433,2019-02-01,Missouri,3.7
434,2019-03-01,Missouri,3.7
435,2019-04-01,Missouri,2.7
436,2019-05-01,Missouri,3.0
437,2019-06-01,Missouri,3.4
438,2019-07-01,Missouri,3.8
439,2019-08-01,Missouri,3.5
440,2019-09-01,Missouri,2.7
441,2019-10-01,Missouri,2.8
442,2019-11-01,Missouri,3.1
443,2019-12-01,Missouri,3.4
444,2020-01-01,Missouri,4.3
445,2020-02-01,Missouri,3.7
446,2020-03-01,Missouri,3.9
447,2020-04-01,Missouri,9.8
448,2020-05-01,Missouri,9.8
449,2020-06-01,Missouri,7.9
450,2019-01-01,Montana,4.5
451,2019-02-01,Montana,4.2
452,2019-03-01,Montana,4.2
453,2019-04-01,Montana,3.3
454,2019-05-01,Montana,2.9
455,2019-06-01,Montana,3.4
456,2019-07-01,Montana,3.1
457,2019-08-01,Montana,3.1
458,2019-09-01,Montana,3.0
459,2019-10-01,Montana,3.2
460,2019-11-01,Montana,3.4
461,2019-12-01,Montana,3.6
462,2020-01-01,Montana,4.4
463,2020-02-01,Montana,4.2
464,2020-03-01,Montana,4.2
465,2020-04-01,Montana,11.9
466,2020-05-01,Montana,8.5
467,2020-06-01,Montana,7.0
468,2019-01-01,Nebraska,3.4
469,2019-02-01,Nebraska,3.3
470,2019-03-01,Nebraska,3.4
471,2019-04-01,Nebraska,2.9
472,2019-05-01,Nebraska,3.0
473,2019-06-01,Nebraska,3.3
474,2019-07-01,Nebraska,3.3
475,2019-08-01,Nebraska,3.0
476,2019-09-01,Nebraska,2.8
477,2019-10-01,Nebraska,2.8
478,2019-11-01,Nebraska,2.6
479,2019-12-01,Nebraska,2.7
480,2020-01-01,Nebraska,3.2
481,2020-02-01,Nebraska,3.0
482,2020-03-01,Nebraska,4.2
483,2020-04-01,Nebraska,8.6
484,2020-05-01,Nebraska,5.2
485,2020-06-01,Nebraska,6.9
486,2019-01-01,Nevada,4.5
487,2019-02-01,Nevada,4.2
488,2019-03-01,Nevada,4.1
489,2019-04-01,Nevada,3.9
490,2019-05-01,Nevada,3.8
491,2019-06-01,Nevada,4.1
492,2019-07-01,Nevada,4.1
493,2019-08-01,Nevada,3.9
494,2019-09-01,Nevada,3.7
495,2019-10-01,Nevada,3.6
496,2019-11-01,Nevada,3.4
497,2019-12-01,Nevada,3.4
498,2020-01-01,Nevada,3.8
499,2020-02-01,Nevada,3.8
500,2020-03-01,Nevada,6.9
501,2020-04-01,Nevada,30.1
502,2020-05-01,Nevada,25.1
503,2020-06-01,Nevada,15.2
504,2019-01-01,New Hampshire,3.0
505,2019-02-01,New Hampshire,3.0
506,2019-03-01,New Hampshire,2.9
507,2019-04-01,New Hampshire,2.5
508,2019-05-01,New Hampshire,2.4
509,2019-06-01,New Hampshire,2.5
510,2019-07-01,New Hampshire,2.5
511,2019-08-01,New Hampshire,2.5
512,2019-09-01,New Hampshire,2.3
513,2019-10-01,New Hampshire,2.2
514,2019-11-01,New Hampshire,2.3
515,2019-12-01,New Hampshire,2.3
516,2020-01-01,New Hampshire,3.1
517,2020-02-01,New Hampshire,3.1
518,2020-03-01,New Hampshire,2.8
519,2020-04-01,New Hampshire,17.2
520,2020-05-01,New Hampshire,15.3
521,2020-06-01,New Hampshire,11.7
522,2019-01-01,New Jersey,4.3
523,2019-02-01,New Jersey,4.1
524,2019-03-01,New Jersey,3.7
525,2019-04-01,New Jersey,2.8
526,2019-05-01,New Jersey,3.0
527,2019-06-01,New Jersey,3.3
528,2019-07-01,New Jersey,3.9
529,2019-08-01,New Jersey,3.7
530,2019-09-01,New Jersey,3.4
531,2019-10-01,New Jersey,3.4
532,2019-11-01,New Jersey,3.5
533,2019-12-01,New Jersey,3.6
534,2020-01-01,New Jersey,4.4
535,2020-02-01,New Jersey,4.2
536,2020-03-01,New Jersey,3.7
537,2020-04-01,New Jersey,15.9
538,2020-05-01,New Jersey,15.1
539,2020-06-01,New Jersey,16.4
540,2019-01-01,New Mexico,5.3
541,2019-02-01,New Mexico,5.1
542,2019-03-01,New Mexico,4.8
543,2019-04-01,New Mexico,4.4
544,2019-05-01,New Mexico,4.5
545,2019-06-01,New Mexico,5.5
546,2019-07-01,New Mexico,5.5
547,2019-08-01,New Mexico,4.9
548,2019-09-01,New Mexico,4.6
549,2019-10-01,New Mexico,4.6
550,2019-11-01,New Mexico,4.6
551,2019-12-01,New Mexico,4.5
552,2020-01-01,New Mexico,5.0
553,2020-02-01,New Mexico,5.1
554,2020-03-01,New Mexico,6.2
555,2020-04-01,New Mexico,11.4
556,2020-05-01,New Mexico,8.7
557,2020-06-01,New Mexico,9.0
558,2019-01-01,New York,4.8
559,2019-02-01,New York,4.5
560,2019-03-01,New York,4.2
561,2019-04-01,New York,3.6
562,2019-05-01,New York,3.6
563,2019-06-01,New York,3.8
564,2019-07-01,New York,4.2
565,2019-08-01,New York,4.1
566,2019-09-01,New York,3.6
567,2019-10-01,New York,3.7
568,2019-11-01,New York,3.6
569,2019-12-01,New York,3.7
570,2020-01-01,New York,4.1
571,2020-02-01,New York,3.9
572,2020-03-01,New York,4.2
573,2020-04-01,New York,15.1
574,2020-05-01,New York,14.2
575,2020-06-01,New York,15.6
576,2019-01-01,North Carolina,4.5
577,2019-02-01,North Carolina,4.2
578,2019-03-01,North Carolina,4.0
579,2019-04-01,North Carolina,3.5
580,2019-05-01,North Carolina,3.9
581,2019-06-01,North Carolina,4.2
582,2019-07-01,North Carolina,4.3
583,2019-08-01,North Carolina,4.1
584,2019-09-01,North Carolina,3.4
585,2019-10-01,North Carolina,3.5
586,2019-11-01,North Carolina,3.5
587,2019-12-01,North Carolina,3.3
588,2020-01-01,North Carolina,4.1
589,2020-02-01,North Carolina,3.7
590,2020-03-01,North Carolina,4.3
591,2020-04-01,North Carolina,12.5
592,2020-05-01,North Carolina,12.7
593,2020-06-01,North Carolina,7.9
594,2019-01-01,North Dakota,3.1
595,2019-02-01,North Dakota,3.1
596,2019-03-01,North Dakota,3.0
597,2019-04-01,North Dakota,2.5
598,2019-05-01,North Dakota,2.1
599,2019-06-01,North Dakota,2.6
600,2019-07-01,North Dakota,2.2
601,2019-08-01,North Dakota,2.2
602,2019-09-01,North Dakota,1.8
603,2019-10-01,North Dakota,1.6
604,2019-11-01,North Dakota,2.0
605,2019-12-01,North Dakota,2.2
606,2020-01-01,North Dakota,2.8
607,2020-02-01,North Dakota,2.8
608,2020-03-01,North Dakota,2.7
609,2020-04-01,North Dakota,9.2
610,2020-05-01,North Dakota,8.7
611,2020-06-01,North Dakota,6.3
612,2019-01-01,Ohio,5.2
613,2019-02-01,Ohio,4.6
614,2019-03-01,Ohio,4.2
615,2019-04-01,Ohio,3.5
616,2019-05-01,Ohio,3.7
617,2019-06-01,Ohio,4.3
618,2019-07-01,Ohio,4.5
619,2019-08-01,Ohio,4.2
620,2019-09-01,Ohio,3.9
621,2019-10-01,Ohio,3.8
622,2019-11-01,Ohio,3.7
623,2019-12-01,Ohio,3.8
624,2020-01-01,Ohio,5.0
625,2020-02-01,Ohio,4.7
626,2020-03-01,Ohio,5.4
627,2020-04-01,Ohio,17.3
628,2020-05-01,Ohio,13.5
629,2020-06-01,Ohio,11.1
630,2019-01-01,Oklahoma,3.7
631,2019-02-01,Oklahoma,3.5
632,2019-03-01,Oklahoma,3.2
633,2019-04-01,Oklahoma,2.8
634,2019-05-01,Oklahoma,3.2
635,2019-06-01,Oklahoma,3.5
636,2019-07-01,Oklahoma,3.4
637,2019-08-01,Oklahoma,3.3
638,2019-09-01,Oklahoma,3.1
639,2019-10-01,Oklahoma,3.4
640,2019-11-01,Oklahoma,3.2
641,2019-12-01,Oklahoma,3.2
642,2020-01-01,Oklahoma,3.3
643,2020-02-01,Oklahoma,3.0
644,2020-03-01,Oklahoma,3.0
645,2020-04-01,Oklahoma,14.3
646,2020-05-01,Oklahoma,12.6
647,2020-06-01,Oklahoma,6.8
648,2019-01-01,Oregon,4.8
649,2019-02-01,Oregon,4.6
650,2019-03-01,Oregon,4.5
651,2019-04-01,Oregon,3.8
652,2019-05-01,Oregon,3.4
653,2019-06-01,Oregon,4.0
654,2019-07-01,Oregon,4.0
655,2019-08-01,Oregon,3.9
656,2019-09-01,Oregon,3.1
657,2019-10-01,Oregon,3.0
658,2019-11-01,Oregon,2.9
659,2019-12-01,Oregon,2.9
660,2020-01-01,Oregon,3.8
661,2020-02-01,Oregon,3.8
662,2020-03-01,Oregon,3.9
663,2020-04-01,Oregon,14.8
664,2020-05-01,Oregon,13.9
665,2020-06-01,Oregon,11.3
666,2019-01-01,Pennsylvania,4.6
667,2019-02-01,Pennsylvania,4.5
668,2019-03-01,Pennsylvania,4.3
669,2019-04-01,Pennsylvania,3.5
670,2019-05-01,Pennsylvania,4.0
671,2019-06-01,Pennsylvania,4.4
672,2019-07-01,Pennsylvania,4.9
673,2019-08-01,Pennsylvania,4.8
674,2019-09-01,Pennsylvania,4.2
675,2019-10-01,Pennsylvania,4.4
676,2019-11-01,Pennsylvania,4.4
677,2019-12-01,Pennsylvania,4.5
678,2020-01-01,Pennsylvania,5.1
679,2020-02-01,Pennsylvania,5.1
680,2020-03-01,Pennsylvania,5.9
681,2020-04-01,Pennsylvania,15.6
682,2020-05-01,Pennsylvania,13.2
683,2020-06-01,Pennsylvania,13.1
684,2019-01-01,Rhode Island,4.6
685,2019-02-01,Rhode Island,4.3
686,2019-03-01,Rhode Island,3.9
687,2019-04-01,Rhode Island,3.2
688,2019-05-01,Rhode Island,3.3
689,2019-06-01,Rhode Island,3.3
690,2019-07-01,Rhode Island,3.9
691,2019-08-01,Rhode Island,3.7
692,2019-09-01,Rhode Island,3.1
693,2019-10-01,Rhode Island,2.9
694,2019-11-01,Rhode Island,3.3
695,2019-12-01,Rhode Island,3.2
696,2020-01-01,Rhode Island,4.1
697,2020-02-01,Rhode Island,4.0
698,2020-03-01,Rhode Island,5.0
699,2020-04-01,Rhode Island,17.9
700,2020-05-01,Rhode Island,16.2
701,2020-06-01,Rhode Island,12.1
702,2019-01-01,South Carolina,4.0
703,2019-02-01,South Carolina,3.5
704,2019-03-01,South Carolina,3.4
705,2019-04-01,South Carolina,2.6
706,2019-05-01,South Carolina,2.7
707,2019-06-01,South Carolina,3.1
708,2019-07-01,South Carolina,3.0
709,2019-08-01,South Carolina,2.8
710,2019-09-01,South Carolina,2.0
711,2019-10-01,South Carolina,2.4
712,2019-11-01,South Carolina,2.3
713,2019-12-01,South Carolina,2.4
714,2020-01-01,South Carolina,3.0
715,2020-02-01,South Carolina,3.1
716,2020-03-01,South Carolina,3.0
717,2020-04-01,South Carolina,12.2
718,2020-05-01,South Carolina,12.0
719,2020-06-01,South Carolina,8.9
720,2019-01-01,South Dakota,3.5
721,2019-02-01,South Dakota,3.6
722,2019-03-01,South Dakota,3.6
723,2019-04-01,South Dakota,3.3
724,2019-05-01,South Dakota,3.1
725,2019-06-01,South Dakota,3.2
726,2019-07-01,South Dakota,3.0
727,2019-08-01,South Dakota,3.3
728,2019-09-01,South Dakota,3.0
729,2019-10-01,South Dakota,3.0
730,2019-11-01,South Dakota,3.3
731,2019-12-01,South Dakota,3.5
732,2020-01-01,South Dakota,3.8
733,2020-02-01,South Dakota,3.6
734,2020-03-01,South Dakota,3.4
735,2020-04-01,South Dakota,11.0
736,2020-05-01,South Dakota,9.2
737,2020-06-01,South Dakota,7.0
738,2019-01-01,Tennessee,3.9
739,2019-02-01,Tennessee,3.4
740,2019-03-01,Tennessee,3.5
741,2019-04-01,Tennessee,2.9
742,2019-05-01,Tennessee,3.1
743,2019-06-01,Tennessee,3.9
744,2019-07-01,Tennessee,3.9
745,2019-08-01,Tennessee,3.4
746,2019-09-01,Tennessee,3.2
747,2019-10-01,Tennessee,3.2
748,2019-11-01,Tennessee,3.1
749,2019-12-01,Tennessee,3.1
750,2020-01-01,Tennessee,3.8
751,2020-02-01,Tennessee,3.8
752,2020-03-01,Tennessee,3.2
753,2020-04-01,Tennessee,15.0
754,2020-05-01,Tennessee,10.7
755,2020-06-01,Tennessee,10.1
756,2019-01-01,Texas,4.1
757,2019-02-01,Texas,3.7
758,2019-03-01,Texas,3.5
759,2019-04-01,Texas,3.0
760,2019-05-01,Texas,3.1
761,2019-06-01,Texas,3.7
762,2019-07-01,Texas,3.8
763,2019-08-01,Texas,3.7
764,2019-09-01,Texas,3.4
765,2019-10-01,Texas,3.3
766,2019-11-01,Texas,3.4
767,2019-12-01,Texas,3.3
768,2020-01-01,Texas,3.8
769,2020-02-01,Texas,3.6
770,2020-03-01,Texas,5.1
771,2020-04-01,Texas,13.1
772,2020-05-01,Texas,12.7
773,2020-06-01,Texas,8.9
774,2019-01-01,Utah,3.1
775,2019-02-01,Utah,3.1
776,2019-03-01,Utah,3.0
777,2019-04-01,Utah,2.6
778,2019-05-01,Utah,2.6
779,2019-06-01,Utah,3.0
780,2019-07-01,Utah,2.7
781,2019-08-01,Utah,2.6
782,2019-09-01,Utah,2.2
783,2019-10-01,Utah,2.1
784,2019-11-01,Utah,2.1
785,2019-12-01,Utah,2.2
786,2020-01-01,Utah,2.8
787,2020-02-01,Utah,2.8
788,2020-03-01,Utah,4.1
789,2020-04-01,Utah,10.4
790,2020-05-01,Utah,8.5
791,2020-06-01,Utah,5.5
792,2019-01-01,Vermont,2.9
793,2019-02-01,Vermont,2.7
794,2019-03-01,Vermont,2.7
795,2019-04-01,Vermont,2.5
796,2019-05-01,Vermont,2.2
797,2019-06-01,Vermont,2.5
798,2019-07-01,Vermont,2.4
799,2019-08-01,Vermont,2.3
800,2019-09-01,Vermont,2.3
801,2019-10-01,Vermont,1.7
802,2019-11-01,Vermont,2.3
803,2019-12-01,Vermont,2.1
804,2020-01-01,Vermont,3.0
805,2020-02-01,Vermont,2.6
806,2020-03-01,Vermont,3.4
807,2020-04-01,Vermont,16.8
808,2020-05-01,Vermont,12.7
809,2020-06-01,Vermont,9.4
810,2019-01-01,Virginia,3.4
811,2019-02-01,Virginia,3.1
812,2019-03-01,Virginia,3.0
813,2019-04-01,Virginia,2.4
814,2019-05-01,Virginia,2.7
815,2019-06-01,Virginia,2.9
816,2019-07-01,Virginia,3.0
817,2019-08-01,Virginia,2.9
818,2019-09-01,Virginia,2.6
819,2019-10-01,Virginia,2.5
820,2019-11-01,Virginia,2.5
821,2019-12-01,Virginia,2.4
822,2020-01-01,Virginia,3.0
823,2020-02-01,Virginia,2.8
824,2020-03-01,Virginia,3.3
825,2020-04-01,Virginia,10.8
826,2020-05-01,Virginia,8.9
827,2020-06-01,Virginia,8.5
828,2019-01-01,Washington,5.3
829,2019-02-01,Washington,5.1
830,2019-03-01,Washington,4.8
831,2019-04-01,Washington,4.1
832,2019-05-01,Washington,4.1
833,2019-06-01,Washington,4.2
834,2019-07-01,Washington,4.2
835,2019-08-01,Washington,4.1
836,2019-09-01,Washington,3.7
837,2019-10-01,Washington,3.6
838,2019-11-01,Washington,3.9
839,2019-12-01,Washington,4.0
840,2020-01-01,Washington,4.4
841,2020-02-01,Washington,4.2
842,2020-03-01,Washington,5.4
843,2020-04-01,Washington,16.1
844,2020-05-01,Washington,14.8
845,2020-06-01,Washington,9.7
846,2019-01-01,West Virginia,5.7
847,2019-02-01,West Virginia,5.9
848,2019-03-01,West Virginia,5.2
849,2019-04-01,West Virginia,4.5
850,2019-05-01,West Virginia,4.5
851,2019-06-01,West Virginia,4.9
852,2019-07-01,West Virginia,4.7
853,2019-08-01,West Virginia,4.8
854,2019-09-01,West Virginia,4.3
855,2019-10-01,West Virginia,4.6
856,2019-11-01,West Virginia,4.8
857,2019-12-01,West Virginia,5.0
858,2020-01-01,West Virginia,5.5
859,2020-02-01,West Virginia,5.5
860,2020-03-01,West Virginia,6.2
861,2020-04-01,West Virginia,15.8
862,2020-05-01,West Virginia,12.5
863,2020-06-01,West Virginia,10.4
864,2019-01-01,Wisconsin,3.7
865,2019-02-01,Wisconsin,3.8
866,2019-03-01,Wisconsin,3.8
867,2019-04-01,Wisconsin,3.2
868,2019-05-01,Wisconsin,3.1
869,2019-06-01,Wisconsin,3.7
870,2019-07-01,Wisconsin,3.6
871,2019-08-01,Wisconsin,3.4
872,2019-09-01,Wisconsin,2.9
873,2019-10-01,Wisconsin,2.8
874,2019-11-01,Wisconsin,3.0
875,2019-12-01,Wisconsin,3.2
876,2020-01-01,Wisconsin,4.2
877,2020-02-01,Wisconsin,4.0
878,2020-03-01,Wisconsin,3.4
879,2020-04-01,Wisconsin,13.6
880,2020-05-01,Wisconsin,11.9
881,2020-06-01,Wisconsin,8.7
882,2019-01-01,Wyoming,4.2
883,2019-02-01,Wyoming,3.8
884,2019-03-01,Wyoming,3.9
885,2019-04-01,Wyoming,3.5
886,2019-05-01,Wyoming,3.3
887,2019-06-01,Wyoming,3.6
888,2019-07-01,Wyoming,3.6
889,2019-08-01,Wyoming,3.3
890,2019-09-01,Wyoming,3.3
891,2019-10-01,Wyoming,3.4
892,2019-11-01,Wyoming,3.7
893,2019-12-01,Wyoming,3.7
894,2020-01-01,Wyoming,4.3
895,2020-02-01,Wyoming,4.3
896,2020-03-01,Wyoming,4.3
897,2020-04-01,Wyoming,9.6
898,2020-05-01,Wyoming,8.7
899,2020-06-01,Wyoming,7.6
